BEGIN TRANSACTION;
CREATE TABLE IF NOT EXISTS "customers" (
	"field1"	TEXT,
	"field2"	TEXT,
	"field3"	TEXT
);
CREATE TABLE IF NOT EXISTS "orders" (
	"field1"	TEXT,
	"field2"	TEXT,
	"field3"	TEXT,
	"field4"	TEXT,
	"field5"	TEXT,
	"field6"	TEXT
);
CREATE TABLE IF NOT EXISTS "products" (
	"field1"	TEXT,
	"field2"	TEXT,
	"field3"	TEXT
);
INSERT INTO "customers" VALUES ('field1','field2','field3');
INSERT INTO "customers" VALUES ('customer_id','region','sign_up_date');
INSERT INTO "customers" VALUES ('1','North','2021-01-26');
INSERT INTO "customers" VALUES ('2','East','2021-09-08');
INSERT INTO "customers" VALUES ('3','South','2021-05-23');
INSERT INTO "customers" VALUES ('4','North','2022-11-24');
INSERT INTO "customers" VALUES ('5','North','2022-08-28');
INSERT INTO "customers" VALUES ('6','West','2021-02-02');
INSERT INTO "customers" VALUES ('7','North','2021-04-06');
INSERT INTO "customers" VALUES ('8','South','2021-08-27');
INSERT INTO "customers" VALUES ('9','North','2022-07-29');
INSERT INTO "customers" VALUES ('10','South','2023-01-04');
INSERT INTO "customers" VALUES ('11','West','2021-08-14');
INSERT INTO "customers" VALUES ('12','West','2022-08-27');
INSERT INTO "customers" VALUES ('13','East','2023-04-09');
INSERT INTO "customers" VALUES ('14','North','2023-02-17');
INSERT INTO "customers" VALUES ('15','South','2022-12-16');
INSERT INTO "customers" VALUES ('16','West','2021-12-15');
INSERT INTO "customers" VALUES ('17','East','2021-06-09');
INSERT INTO "customers" VALUES ('18','South','2023-02-21');
INSERT INTO "customers" VALUES ('19','East','2021-04-15');
INSERT INTO "customers" VALUES ('20','North','2022-01-25');
INSERT INTO "customers" VALUES ('21','North','2022-01-03');
INSERT INTO "customers" VALUES ('22','East','2022-09-11');
INSERT INTO "customers" VALUES ('23','East','2023-04-07');
INSERT INTO "customers" VALUES ('24','North','2023-01-18');
INSERT INTO "customers" VALUES ('25','West','2022-07-04');
INSERT INTO "customers" VALUES ('26','North','2022-01-23');
INSERT INTO "customers" VALUES ('27','North','2022-07-20');
INSERT INTO "customers" VALUES ('28','East','2023-04-30');
INSERT INTO "customers" VALUES ('29','East','2022-08-15');
INSERT INTO "customers" VALUES ('30','South','2022-12-23');
INSERT INTO "customers" VALUES ('31','North','2021-02-16');
INSERT INTO "customers" VALUES ('32','South','2023-03-03');
INSERT INTO "customers" VALUES ('33','East','2021-03-23');
INSERT INTO "customers" VALUES ('34','South','2023-06-07');
INSERT INTO "customers" VALUES ('35','North','2022-01-25');
INSERT INTO "customers" VALUES ('36','East','2022-04-10');
INSERT INTO "customers" VALUES ('37','East','2021-06-16');
INSERT INTO "customers" VALUES ('38','East','2021-12-30');
INSERT INTO "customers" VALUES ('39','South','2022-11-18');
INSERT INTO "customers" VALUES ('40','East','2022-12-20');
INSERT INTO "customers" VALUES ('41','North','2022-09-16');
INSERT INTO "customers" VALUES ('42','South','2022-07-01');
INSERT INTO "customers" VALUES ('43','South','2021-06-17');
INSERT INTO "customers" VALUES ('44','West','2022-01-24');
INSERT INTO "customers" VALUES ('45','East','2022-10-18');
INSERT INTO "customers" VALUES ('46','South','2022-12-03');
INSERT INTO "customers" VALUES ('47','East','2023-05-14');
INSERT INTO "customers" VALUES ('48','North','2021-08-23');
INSERT INTO "customers" VALUES ('49','North','2023-04-05');
INSERT INTO "customers" VALUES ('50','East','2022-02-15');
INSERT INTO "customers" VALUES ('field1','field2','field3');
INSERT INTO "customers" VALUES ('product_id','product_name','category');
INSERT INTO "customers" VALUES ('1','Product 1','Home');
INSERT INTO "customers" VALUES ('2','Product 2','Electronics');
INSERT INTO "customers" VALUES ('3','Product 3','Apparel');
INSERT INTO "customers" VALUES ('4','Product 4','Home');
INSERT INTO "customers" VALUES ('5','Product 5','Apparel');
INSERT INTO "customers" VALUES ('6','Product 6','Books');
INSERT INTO "customers" VALUES ('7','Product 7','Books');
INSERT INTO "customers" VALUES ('8','Product 8','Books');
INSERT INTO "customers" VALUES ('9','Product 9','Apparel');
INSERT INTO "customers" VALUES ('10','Product 10','Home');
INSERT INTO "customers" VALUES ('11','Product 11','Apparel');
INSERT INTO "customers" VALUES ('12','Product 12','Apparel');
INSERT INTO "customers" VALUES ('13','Product 13','Home');
INSERT INTO "customers" VALUES ('14','Product 14','Books');
INSERT INTO "customers" VALUES ('15','Product 15','Books');
INSERT INTO "customers" VALUES ('16','Product 16','Home');
INSERT INTO "customers" VALUES ('17','Product 17','Apparel');
INSERT INTO "customers" VALUES ('18','Product 18','Apparel');
INSERT INTO "customers" VALUES ('19','Product 19','Books');
INSERT INTO "customers" VALUES ('20','Product 20','Electronics');
INSERT INTO "orders" VALUES ('field1','field2','field3','field4','field5','field6');
INSERT INTO "orders" VALUES ('order_id','customer_id','product_id','order_date','quantity','price');
INSERT INTO "orders" VALUES ('1','49','2','2022-04-23','2','129.21');
INSERT INTO "orders" VALUES ('2','44','14','2023-09-03','1','83.11');
INSERT INTO "orders" VALUES ('3','39','15','2023-06-26','3','194.5');
INSERT INTO "orders" VALUES ('4','1','4','2023-11-30','5','152.67');
INSERT INTO "orders" VALUES ('5','50','11','2022-04-25','3','92.61');
INSERT INTO "orders" VALUES ('6','30','1','2022-09-27','5','154.77');
INSERT INTO "orders" VALUES ('7','33','4','2023-10-03','3','169.92');
INSERT INTO "orders" VALUES ('8','33','20','2022-07-23','2','81.04');
INSERT INTO "orders" VALUES ('9','11','18','2023-06-28','1','123.8');
INSERT INTO "orders" VALUES ('10','32','1','2022-04-25','3','176.96');
INSERT INTO "orders" VALUES ('11','20','8','2022-03-01','2','176.82');
INSERT INTO "orders" VALUES ('12','6','3','2023-05-13','1','195.82');
INSERT INTO "orders" VALUES ('13','35','5','2022-05-12','4','189.9');
INSERT INTO "orders" VALUES ('14','11','9','2023-06-25','5','90.4');
INSERT INTO "orders" VALUES ('15','14','18','2023-12-08','2','145.46');
INSERT INTO "orders" VALUES ('16','26','12','2023-03-25','5','95.78');
INSERT INTO "orders" VALUES ('17','16','8','2022-03-07','3','14.0');
INSERT INTO "orders" VALUES ('18','36','8','2023-08-26','2','11.37');
INSERT INTO "orders" VALUES ('19','46','2','2022-08-23','1','182.03');
INSERT INTO "orders" VALUES ('20','22','3','2023-06-11','2','62.91');
INSERT INTO "orders" VALUES ('21','32','7','2023-07-07','2','147.44');
INSERT INTO "orders" VALUES ('22','37','19','2023-04-30','2','159.08');
INSERT INTO "orders" VALUES ('23','27','7','2022-04-07','1','135.21');
INSERT INTO "orders" VALUES ('24','23','14','2023-02-25','4','174.13');
INSERT INTO "orders" VALUES ('25','4','4','2022-03-04','4','148.36');
INSERT INTO "orders" VALUES ('26','7','8','2022-07-16','2','111.89');
INSERT INTO "orders" VALUES ('27','9','14','2022-07-07','3','97.9');
INSERT INTO "orders" VALUES ('28','5','15','2023-07-18','1','19.61');
INSERT INTO "orders" VALUES ('29','35','1','2022-04-06','2','41.6');
INSERT INTO "orders" VALUES ('30','32','16','2022-08-07','4','181.46');
INSERT INTO "orders" VALUES ('31','11','13','2022-01-03','4','60.39');
INSERT INTO "orders" VALUES ('32','30','10','2023-03-10','5','135.76');
INSERT INTO "orders" VALUES ('33','32','5','2022-07-14','3','51.36');
INSERT INTO "orders" VALUES ('34','4','19','2023-07-10','1','152.12');
INSERT INTO "orders" VALUES ('35','4','2','2023-08-22','4','105.54');
INSERT INTO "orders" VALUES ('36','34','6','2022-02-28','5','25.22');
INSERT INTO "orders" VALUES ('37','12','3','2023-09-02','1','138.29');
INSERT INTO "orders" VALUES ('38','16','13','2022-05-03','5','56.78');
INSERT INTO "orders" VALUES ('39','39','2','2023-09-27','1','89.65');
INSERT INTO "orders" VALUES ('40','38','19','2023-06-20','3','187.59');
INSERT INTO "orders" VALUES ('41','14','11','2022-09-02','3','85.2');
INSERT INTO "orders" VALUES ('42','43','10','2023-04-14','3','186.51');
INSERT INTO "orders" VALUES ('43','5','1','2023-04-15','5','199.71');
INSERT INTO "orders" VALUES ('44','7','3','2023-07-05','2','106.12');
INSERT INTO "orders" VALUES ('45','9','12','2022-03-12','2','80.21');
INSERT INTO "orders" VALUES ('46','11','15','2023-07-11','3','126.22');
INSERT INTO "orders" VALUES ('47','42','17','2022-01-09','5','66.88');
INSERT INTO "orders" VALUES ('48','43','4','2022-05-18','3','31.93');
INSERT INTO "orders" VALUES ('49','7','18','2022-06-09','3','63.53');
INSERT INTO "orders" VALUES ('50','14','11','2022-07-28','3','106.03');
INSERT INTO "orders" VALUES ('51','17','2','2022-04-05','4','167.58');
INSERT INTO "orders" VALUES ('52','3','1','2022-12-08','2','131.05');
INSERT INTO "orders" VALUES ('53','17','6','2023-03-29','5','144.08');
INSERT INTO "orders" VALUES ('54','36','1','2022-04-25','1','189.56');
INSERT INTO "orders" VALUES ('55','45','5','2023-07-13','1','168.57');
INSERT INTO "orders" VALUES ('56','38','18','2022-06-01','4','34.21');
INSERT INTO "orders" VALUES ('57','20','12','2022-02-10','3','49.91');
INSERT INTO "orders" VALUES ('58','16','4','2022-12-29','5','177.99');
INSERT INTO "orders" VALUES ('59','27','20','2022-06-08','2','174.28');
INSERT INTO "orders" VALUES ('60','12','14','2022-01-26','2','149.95');
INSERT INTO "orders" VALUES ('61','22','14','2023-11-17','2','60.69');
INSERT INTO "orders" VALUES ('62','45','4','2023-01-27','1','173.13');
INSERT INTO "orders" VALUES ('63','15','7','2023-04-17','3','67.99');
INSERT INTO "orders" VALUES ('64','15','8','2022-01-25','2','85.71');
INSERT INTO "orders" VALUES ('65','18','3','2022-10-13','3','131.88');
INSERT INTO "orders" VALUES ('66','26','18','2022-12-06','1','31.91');
INSERT INTO "orders" VALUES ('67','17','6','2023-08-18','3','17.27');
INSERT INTO "orders" VALUES ('68','39','14','2022-12-20','3','92.91');
INSERT INTO "orders" VALUES ('69','33','4','2023-01-30','5','46.11');
INSERT INTO "orders" VALUES ('70','3','14','2022-01-02','5','185.86');
INSERT INTO "orders" VALUES ('71','35','7','2023-01-08','4','23.3');
INSERT INTO "orders" VALUES ('72','43','11','2023-10-01','3','136.04');
INSERT INTO "orders" VALUES ('73','8','10','2023-06-04','3','136.71');
INSERT INTO "orders" VALUES ('74','21','13','2023-12-15','3','115.34');
INSERT INTO "orders" VALUES ('75','13','14','2023-11-12','4','138.69');
INSERT INTO "orders" VALUES ('76','12','20','2023-08-06','3','87.15');
INSERT INTO "orders" VALUES ('77','1','10','2022-10-21','2','91.68');
INSERT INTO "orders" VALUES ('78','38','20','2023-11-02','3','98.35');
INSERT INTO "orders" VALUES ('79','29','7','2023-06-08','4','160.81');
INSERT INTO "orders" VALUES ('80','48','6','2023-11-06','1','63.92');
INSERT INTO "orders" VALUES ('81','43','20','2022-12-10','1','165.5');
INSERT INTO "orders" VALUES ('82','49','8','2023-11-20','3','52.68');
INSERT INTO "orders" VALUES ('83','13','5','2022-01-26','1','56.52');
INSERT INTO "orders" VALUES ('84','31','20','2022-03-16','4','88.74');
INSERT INTO "orders" VALUES ('85','41','19','2022-07-19','4','103.93');
INSERT INTO "orders" VALUES ('86','16','5','2023-11-03','1','179.61');
INSERT INTO "orders" VALUES ('87','50','4','2023-03-12','2','43.42');
INSERT INTO "orders" VALUES ('88','45','17','2023-04-21','1','115.91');
INSERT INTO "orders" VALUES ('89','8','15','2022-05-17','4','136.84');
INSERT INTO "orders" VALUES ('90','36','20','2022-11-21','4','126.4');
INSERT INTO "orders" VALUES ('91','47','17','2023-03-13','5','94.72');
INSERT INTO "orders" VALUES ('92','11','16','2023-04-06','3','152.84');
INSERT INTO "orders" VALUES ('93','41','9','2023-06-18','4','129.08');
INSERT INTO "orders" VALUES ('94','18','15','2022-03-21','3','54.55');
INSERT INTO "orders" VALUES ('95','22','11','2023-07-08','1','36.29');
INSERT INTO "orders" VALUES ('96','15','13','2023-12-12','2','144.22');
INSERT INTO "orders" VALUES ('97','5','14','2023-02-22','3','113.1');
INSERT INTO "orders" VALUES ('98','27','2','2022-07-31','4','84.0');
INSERT INTO "orders" VALUES ('99','50','19','2023-12-14','1','172.78');
INSERT INTO "orders" VALUES ('100','49','19','2023-01-25','4','11.12');
INSERT INTO "orders" VALUES ('101','23','10','2023-02-04','4','112.26');
INSERT INTO "orders" VALUES ('102','48','18','2023-09-10','2','102.76');
INSERT INTO "orders" VALUES ('103','18','14','2023-05-13','1','83.88');
INSERT INTO "orders" VALUES ('104','43','13','2022-06-19','4','184.71');
INSERT INTO "orders" VALUES ('105','40','18','2022-01-28','4','122.46');
INSERT INTO "orders" VALUES ('106','43','1','2022-03-27','4','35.78');
INSERT INTO "orders" VALUES ('107','30','6','2022-02-21','3','82.03');
INSERT INTO "orders" VALUES ('108','14','15','2022-12-01','3','154.63');
INSERT INTO "orders" VALUES ('109','25','9','2023-03-08','3','168.63');
INSERT INTO "orders" VALUES ('110','31','1','2023-07-07','1','199.98');
INSERT INTO "orders" VALUES ('111','23','8','2023-10-28','1','158.43');
INSERT INTO "orders" VALUES ('112','42','2','2022-02-01','2','47.88');
INSERT INTO "orders" VALUES ('113','2','20','2022-06-06','2','33.98');
INSERT INTO "orders" VALUES ('114','43','4','2023-08-01','2','98.36');
INSERT INTO "orders" VALUES ('115','17','12','2022-06-21','5','125.38');
INSERT INTO "orders" VALUES ('116','48','4','2022-06-17','3','30.54');
INSERT INTO "orders" VALUES ('117','2','10','2023-08-13','4','85.36');
INSERT INTO "orders" VALUES ('118','46','7','2022-03-19','5','141.22');
INSERT INTO "orders" VALUES ('119','41','8','2022-04-15','3','171.56');
INSERT INTO "orders" VALUES ('120','39','4','2023-08-03','1','75.97');
INSERT INTO "orders" VALUES ('121','28','12','2022-03-12','5','133.03');
INSERT INTO "orders" VALUES ('122','1','14','2023-05-17','1','92.37');
INSERT INTO "orders" VALUES ('123','24','15','2023-12-26','2','92.74');
INSERT INTO "orders" VALUES ('124','47','17','2023-10-29','3','127.02');
INSERT INTO "orders" VALUES ('125','35','16','2023-04-22','4','166.89');
INSERT INTO "orders" VALUES ('126','38','9','2022-11-27','2','167.84');
INSERT INTO "orders" VALUES ('127','6','9','2023-04-07','2','152.59');
INSERT INTO "orders" VALUES ('128','37','20','2023-11-16','4','73.92');
INSERT INTO "orders" VALUES ('129','32','11','2022-07-06','4','50.3');
INSERT INTO "orders" VALUES ('130','17','11','2022-10-14','5','143.22');
INSERT INTO "orders" VALUES ('131','18','18','2022-01-11','5','190.13');
INSERT INTO "orders" VALUES ('132','6','8','2023-02-21','4','115.48');
INSERT INTO "orders" VALUES ('133','16','16','2023-10-24','4','95.15');
INSERT INTO "orders" VALUES ('134','2','3','2022-10-29','2','86.84');
INSERT INTO "orders" VALUES ('135','16','10','2023-11-11','5','80.11');
INSERT INTO "orders" VALUES ('136','36','17','2022-12-19','4','199.36');
INSERT INTO "orders" VALUES ('137','36','11','2022-12-27','4','61.47');
INSERT INTO "orders" VALUES ('138','17','8','2022-05-04','2','69.95');
INSERT INTO "orders" VALUES ('139','48','18','2023-12-08','2','46.39');
INSERT INTO "orders" VALUES ('140','48','16','2022-10-11','5','195.56');
INSERT INTO "orders" VALUES ('141','34','20','2022-10-17','1','168.2');
INSERT INTO "orders" VALUES ('142','19','8','2023-01-05','2','67.43');
INSERT INTO "orders" VALUES ('143','46','18','2022-05-10','3','18.65');
INSERT INTO "orders" VALUES ('144','4','18','2022-10-27','2','131.2');
INSERT INTO "orders" VALUES ('145','49','16','2022-04-16','1','119.07');
INSERT INTO "orders" VALUES ('146','31','16','2023-03-28','3','45.03');
INSERT INTO "orders" VALUES ('147','4','9','2023-05-05','1','166.2');
INSERT INTO "orders" VALUES ('148','26','16','2022-03-17','5','129.59');
INSERT INTO "orders" VALUES ('149','4','5','2022-06-02','5','190.33');
INSERT INTO "orders" VALUES ('150','6','8','2022-05-02','5','155.24');
INSERT INTO "orders" VALUES ('151','39','20','2023-09-26','2','157.38');
INSERT INTO "orders" VALUES ('152','25','15','2023-03-30','3','173.43');
INSERT INTO "orders" VALUES ('153','28','10','2023-08-06','5','21.44');
INSERT INTO "orders" VALUES ('154','48','4','2022-08-01','2','60.28');
INSERT INTO "orders" VALUES ('155','6','6','2022-09-03','2','114.88');
INSERT INTO "orders" VALUES ('156','11','1','2023-02-23','4','140.98');
INSERT INTO "orders" VALUES ('157','31','10','2022-02-03','2','64.74');
INSERT INTO "orders" VALUES ('158','19','15','2022-03-14','2','185.54');
INSERT INTO "orders" VALUES ('159','41','19','2023-11-09','2','90.78');
INSERT INTO "orders" VALUES ('160','35','8','2023-10-26','2','182.6');
INSERT INTO "orders" VALUES ('161','10','3','2022-03-03','2','160.6');
INSERT INTO "orders" VALUES ('162','39','19','2022-10-23','4','33.63');
INSERT INTO "orders" VALUES ('163','45','10','2023-12-18','4','189.11');
INSERT INTO "orders" VALUES ('164','33','18','2023-05-21','4','25.28');
INSERT INTO "orders" VALUES ('165','3','14','2022-11-27','5','57.57');
INSERT INTO "orders" VALUES ('166','6','8','2023-11-22','5','121.55');
INSERT INTO "orders" VALUES ('167','2','9','2023-08-14','1','154.99');
INSERT INTO "orders" VALUES ('168','12','16','2023-06-16','4','184.05');
INSERT INTO "orders" VALUES ('169','12','19','2023-03-23','4','194.12');
INSERT INTO "orders" VALUES ('170','31','12','2023-02-23','3','71.0');
INSERT INTO "orders" VALUES ('171','7','6','2022-12-04','4','141.8');
INSERT INTO "orders" VALUES ('172','19','13','2023-07-18','1','96.42');
INSERT INTO "orders" VALUES ('173','21','9','2022-11-28','1','194.34');
INSERT INTO "orders" VALUES ('174','26','17','2022-01-02','5','97.78');
INSERT INTO "orders" VALUES ('175','4','7','2023-06-15','3','128.3');
INSERT INTO "orders" VALUES ('176','32','15','2022-02-22','2','60.74');
INSERT INTO "orders" VALUES ('177','9','10','2023-03-25','4','33.07');
INSERT INTO "orders" VALUES ('178','41','20','2022-09-03','2','69.04');
INSERT INTO "orders" VALUES ('179','1','18','2023-02-22','1','52.69');
INSERT INTO "orders" VALUES ('180','8','15','2022-05-01','2','104.69');
INSERT INTO "orders" VALUES ('181','46','10','2023-06-06','3','88.94');
INSERT INTO "orders" VALUES ('182','31','16','2022-09-07','4','114.74');
INSERT INTO "orders" VALUES ('183','25','7','2023-09-06','5','151.8');
INSERT INTO "orders" VALUES ('184','9','3','2022-10-10','4','74.58');
INSERT INTO "orders" VALUES ('185','33','9','2022-01-03','3','147.95');
INSERT INTO "orders" VALUES ('186','38','19','2023-11-07','4','174.4');
INSERT INTO "orders" VALUES ('187','29','18','2023-05-11','3','73.16');
INSERT INTO "orders" VALUES ('188','49','18','2023-01-22','4','187.24');
INSERT INTO "orders" VALUES ('189','13','8','2023-08-09','4','54.38');
INSERT INTO "orders" VALUES ('190','50','14','2022-02-14','3','151.49');
INSERT INTO "orders" VALUES ('191','46','13','2023-01-31','2','104.11');
INSERT INTO "orders" VALUES ('192','3','5','2023-05-30','5','73.08');
INSERT INTO "orders" VALUES ('193','7','15','2022-04-13','5','182.98');
INSERT INTO "orders" VALUES ('194','1','5','2023-02-24','2','24.22');
INSERT INTO "orders" VALUES ('195','17','11','2023-10-01','4','133.47');
INSERT INTO "orders" VALUES ('196','22','18','2023-01-25','3','129.09');
INSERT INTO "orders" VALUES ('197','49','16','2023-07-09','1','127.32');
INSERT INTO "orders" VALUES ('198','16','10','2022-08-21','1','92.45');
INSERT INTO "orders" VALUES ('199','7','4','2023-03-31','2','141.86');
INSERT INTO "orders" VALUES ('200','2','2','2022-11-29','1','65.74');
INSERT INTO "orders" VALUES ('201','24','14','2022-05-30','2','110.92');
INSERT INTO "orders" VALUES ('202','37','6','2022-06-24','2','25.0');
INSERT INTO "orders" VALUES ('203','25','20','2023-12-01','2','104.56');
INSERT INTO "orders" VALUES ('204','38','5','2022-08-26','4','131.2');
INSERT INTO "orders" VALUES ('205','30','9','2023-11-14','1','180.79');
INSERT INTO "orders" VALUES ('206','30','10','2023-11-25','5','40.02');
INSERT INTO "orders" VALUES ('207','29','12','2023-08-25','3','131.4');
INSERT INTO "orders" VALUES ('208','28','9','2023-04-13','3','47.85');
INSERT INTO "orders" VALUES ('209','25','16','2022-04-20','2','82.46');
INSERT INTO "orders" VALUES ('210','23','19','2022-10-30','3','14.17');
INSERT INTO "orders" VALUES ('211','43','13','2022-10-09','1','117.53');
INSERT INTO "orders" VALUES ('212','44','2','2023-09-13','4','168.24');
INSERT INTO "orders" VALUES ('213','19','8','2023-09-14','3','51.61');
INSERT INTO "orders" VALUES ('214','13','20','2022-09-14','2','129.37');
INSERT INTO "orders" VALUES ('215','41','2','2022-11-13','4','16.34');
INSERT INTO "orders" VALUES ('216','24','5','2022-04-03','3','72.08');
INSERT INTO "orders" VALUES ('217','27','6','2022-07-25','2','159.44');
INSERT INTO "orders" VALUES ('218','24','17','2023-05-29','3','167.79');
INSERT INTO "orders" VALUES ('219','17','16','2022-10-30','3','162.8');
INSERT INTO "orders" VALUES ('220','30','3','2022-05-25','2','173.43');
INSERT INTO "orders" VALUES ('221','47','13','2023-07-25','3','27.16');
INSERT INTO "orders" VALUES ('222','26','1','2022-09-28','5','33.48');
INSERT INTO "orders" VALUES ('223','24','9','2023-08-22','4','166.26');
INSERT INTO "orders" VALUES ('224','24','4','2023-11-23','2','99.58');
INSERT INTO "orders" VALUES ('225','40','18','2022-12-02','5','52.06');
INSERT INTO "orders" VALUES ('226','5','15','2023-12-19','3','133.36');
INSERT INTO "orders" VALUES ('227','8','5','2022-02-16','1','67.83');
INSERT INTO "orders" VALUES ('228','32','4','2022-04-10','2','178.58');
INSERT INTO "orders" VALUES ('229','9','13','2023-04-10','3','137.39');
INSERT INTO "orders" VALUES ('230','48','18','2023-03-06','5','151.03');
INSERT INTO "orders" VALUES ('231','10','14','2023-11-02','1','168.4');
INSERT INTO "orders" VALUES ('232','40','14','2022-10-14','1','141.15');
INSERT INTO "orders" VALUES ('233','14','15','2023-04-01','2','172.54');
INSERT INTO "orders" VALUES ('234','7','12','2023-07-12','3','21.5');
INSERT INTO "orders" VALUES ('235','18','7','2022-05-06','4','27.42');
INSERT INTO "orders" VALUES ('236','14','20','2022-01-22','1','159.49');
INSERT INTO "orders" VALUES ('237','16','5','2023-08-02','2','23.04');
INSERT INTO "orders" VALUES ('238','49','18','2022-08-01','5','51.03');
INSERT INTO "orders" VALUES ('239','15','11','2022-06-01','5','10.54');
INSERT INTO "orders" VALUES ('240','10','5','2023-07-08','3','161.72');
INSERT INTO "orders" VALUES ('241','8','1','2022-05-15','1','78.07');
INSERT INTO "orders" VALUES ('242','16','19','2022-11-28','1','43.11');
INSERT INTO "orders" VALUES ('243','4','5','2023-03-08','5','31.59');
INSERT INTO "orders" VALUES ('244','5','16','2023-04-05','3','107.52');
INSERT INTO "orders" VALUES ('245','7','15','2023-05-31','2','189.63');
INSERT INTO "orders" VALUES ('246','3','17','2022-11-05','4','132.23');
INSERT INTO "orders" VALUES ('247','2','2','2023-05-06','4','90.99');
INSERT INTO "orders" VALUES ('248','7','16','2023-12-31','4','23.96');
INSERT INTO "orders" VALUES ('249','6','11','2023-09-15','2','22.48');
INSERT INTO "orders" VALUES ('250','18','20','2023-10-11','5','114.19');
INSERT INTO "orders" VALUES ('251','21','13','2023-09-04','5','66.03');
INSERT INTO "orders" VALUES ('252','33','20','2023-03-17','1','160.69');
INSERT INTO "orders" VALUES ('253','8','18','2022-08-09','4','95.8');
INSERT INTO "orders" VALUES ('254','15','14','2022-12-14','4','85.76');
INSERT INTO "orders" VALUES ('255','47','4','2022-11-17','4','69.38');
INSERT INTO "orders" VALUES ('256','17','12','2022-06-06','4','22.76');
INSERT INTO "orders" VALUES ('257','6','3','2023-03-19','1','151.47');
INSERT INTO "orders" VALUES ('258','24','5','2023-07-24','1','121.43');
INSERT INTO "orders" VALUES ('259','36','18','2022-12-04','1','88.05');
INSERT INTO "orders" VALUES ('260','43','14','2022-02-22','3','124.08');
INSERT INTO "orders" VALUES ('261','23','4','2023-08-15','5','50.42');
INSERT INTO "orders" VALUES ('262','43','16','2022-08-18','1','76.52');
INSERT INTO "orders" VALUES ('263','36','12','2022-04-28','3','119.08');
INSERT INTO "orders" VALUES ('264','28','18','2023-09-29','5','138.25');
INSERT INTO "orders" VALUES ('265','36','1','2023-09-16','3','15.5');
INSERT INTO "orders" VALUES ('266','18','10','2022-12-14','3','11.16');
INSERT INTO "orders" VALUES ('267','10','19','2023-11-05','4','23.22');
INSERT INTO "orders" VALUES ('268','48','1','2022-04-04','5','50.88');
INSERT INTO "orders" VALUES ('269','27','15','2022-12-16','2','80.31');
INSERT INTO "orders" VALUES ('270','47','11','2023-08-05','5','26.14');
INSERT INTO "orders" VALUES ('271','4','5','2022-06-11','5','19.45');
INSERT INTO "orders" VALUES ('272','6','9','2023-03-30','4','102.28');
INSERT INTO "orders" VALUES ('273','29','14','2022-10-07','2','153.44');
INSERT INTO "orders" VALUES ('274','8','12','2023-03-17','1','63.82');
INSERT INTO "orders" VALUES ('275','44','19','2023-05-14','5','136.76');
INSERT INTO "orders" VALUES ('276','3','8','2023-02-09','5','20.41');
INSERT INTO "orders" VALUES ('277','14','10','2022-08-05','2','155.19');
INSERT INTO "orders" VALUES ('278','19','11','2022-05-03','1','104.5');
INSERT INTO "orders" VALUES ('279','28','6','2022-05-13','4','111.19');
INSERT INTO "orders" VALUES ('280','15','17','2023-07-27','3','23.69');
INSERT INTO "orders" VALUES ('281','48','2','2023-03-23','1','97.35');
INSERT INTO "orders" VALUES ('282','5','11','2023-08-13','4','118.95');
INSERT INTO "orders" VALUES ('283','46','14','2022-10-24','1','86.96');
INSERT INTO "orders" VALUES ('284','21','6','2023-09-25','4','168.08');
INSERT INTO "orders" VALUES ('285','24','3','2023-03-24','1','56.23');
INSERT INTO "orders" VALUES ('286','38','13','2023-06-21','1','85.2');
INSERT INTO "orders" VALUES ('287','20','11','2022-08-15','3','158.03');
INSERT INTO "orders" VALUES ('288','5','17','2023-10-11','1','110.81');
INSERT INTO "orders" VALUES ('289','13','12','2022-12-26','2','54.89');
INSERT INTO "orders" VALUES ('290','10','9','2022-07-22','2','124.46');
INSERT INTO "orders" VALUES ('291','49','3','2022-07-01','4','98.15');
INSERT INTO "orders" VALUES ('292','37','19','2023-04-05','5','132.17');
INSERT INTO "orders" VALUES ('293','40','11','2023-10-05','3','38.68');
INSERT INTO "orders" VALUES ('294','5','16','2023-03-29','3','161.3');
INSERT INTO "orders" VALUES ('295','38','2','2022-12-27','5','24.1');
INSERT INTO "orders" VALUES ('296','30','15','2022-02-08','1','80.06');
INSERT INTO "orders" VALUES ('297','19','3','2023-10-23','1','126.85');
INSERT INTO "orders" VALUES ('298','33','13','2023-04-19','5','115.32');
INSERT INTO "orders" VALUES ('299','48','2','2023-04-06','5','133.85');
INSERT INTO "orders" VALUES ('300','21','20','2023-05-03','5','38.66');
INSERT INTO "products" VALUES ('field1','field2','field3');
INSERT INTO "products" VALUES ('product_id','product_name','category');
INSERT INTO "products" VALUES ('1','Product 1','Home');
INSERT INTO "products" VALUES ('2','Product 2','Electronics');
INSERT INTO "products" VALUES ('3','Product 3','Apparel');
INSERT INTO "products" VALUES ('4','Product 4','Home');
INSERT INTO "products" VALUES ('5','Product 5','Apparel');
INSERT INTO "products" VALUES ('6','Product 6','Books');
INSERT INTO "products" VALUES ('7','Product 7','Books');
INSERT INTO "products" VALUES ('8','Product 8','Books');
INSERT INTO "products" VALUES ('9','Product 9','Apparel');
INSERT INTO "products" VALUES ('10','Product 10','Home');
INSERT INTO "products" VALUES ('11','Product 11','Apparel');
INSERT INTO "products" VALUES ('12','Product 12','Apparel');
INSERT INTO "products" VALUES ('13','Product 13','Home');
INSERT INTO "products" VALUES ('14','Product 14','Books');
INSERT INTO "products" VALUES ('15','Product 15','Books');
INSERT INTO "products" VALUES ('16','Product 16','Home');
INSERT INTO "products" VALUES ('17','Product 17','Apparel');
INSERT INTO "products" VALUES ('18','Product 18','Apparel');
INSERT INTO "products" VALUES ('19','Product 19','Books');
INSERT INTO "products" VALUES ('20','Product 20','Electronics');
COMMIT;
